﻿Designator,Footprint,Quantity,Value,LCSC Part #
"D1, D10, D11, D12, D13, D14, D15, D16, D17, D18, D19, D2, D20, D21, D22, D23, D24, D3, D4, D5, D6, D7, D8, D9, DALF1, DAN1, DMC1, DMC2, DMC3, DMC4, DMC5, DMC6, DRT1, DTC1, DTC2, DTC3, DTC4, DUP1",D_SOD-123,38,DIODE,C64898
"DOWN1, LEFT1, MC1, MC2, MC3, MC4, MC5, MC6, RIGHT1, SW1, SW10, SW11, SW12, SW13, SW14, SW15, SW16, SW17, SW18, SW19, SW2, SW20, SW21, SW22, SW23, SW24, SW3, SW4, SW5, SW6, SW7, SW8, SW9, TC1, TC2, TC3, TC4, UP1",MX_Choc_Hotswap,38,CHOCXHSPCB-1U,
"H1, H16, H17, H18, H19, H2, H3, H4, H5, H6, H7, H8, H9",M3-HOLE,13,M3-HOLE,
"H10, H11, H12, H13, H14, H15",M2-HOLE,6,2M-HOLE,
J1,MJ-4PP-9,1,PJ-320A,
LGO1,logo,1,Logo,
MCU-MACRO1,PROMICRO-PARTIAL2,1,ProMicro-Partial,
MCU-MAIN1,ProMicro,1,PRO-MICRO,
"RSW-MACRO1, RSW1",TACT_SWITCH_TVBP06,2,SW-RST,
STABL1,Stabilizer_MX_2u,1,MX-STABILIZER-2U,
